C:\workspaceEclipseEE\.metadata\.plugins\org.eclipse.wst.server.core\tmp0\wtpwebapps\PolarGraph\data/db/db_1366205360.graph
2014-06-02 19:06:45 INFO  PolarFacade:175 - Place name before: Roma Scout Center, place name after disambiguation: Roma Scout Center, uri: 
2014-06-02 19:06:47 INFO  PolarFacade:175 - Place name before: The Manor House, place name after disambiguation: The Manor House, uri: 
2014-06-02 19:06:48 INFO  PolarFacade:175 - Place name before: Montesilvano, place name after disambiguation: Montesilvano, uri: http://dbpedia.org/resource/Montesilvano
2014-06-02 19:06:48 INFO  PolarFacade:175 - Place name before: Ariccia, place name after disambiguation: Ariccia, uri: http://dbpedia.org/resource/Ariccia
2014-06-02 19:06:49 INFO  PolarFacade:175 - Place name before: Rome, Italy, place name after disambiguation: Rome, uri: http://dbpedia.org/resource/Rome
2014-06-02 19:06:51 INFO  PolarFacade:175 - Place name before: Accendere Gallery, place name after disambiguation: Accendere Gallery, uri: 
2014-06-02 19:06:52 INFO  PolarFacade:175 - Place name before: Oxford, Ohio, place name after disambiguation: Oxford, Ohio, uri: http://dbpedia.org/resource/Oxford,_Ohio
2014-06-02 19:06:54 INFO  PolarFacade:175 - Place name before: South Africa, place name after disambiguation: South Africa, uri: http://dbpedia.org/resource/South_Africa
2014-06-02 19:06:57 INFO  PolarFacade:175 - Place name before: Panama City Beach, Florida, place name after disambiguation: Panama City Beach, Florida, uri: http://dbpedia.org/resource/Panama_City_Beach,_Florida
2014-06-02 19:07:01 INFO  PolarFacade:175 - Place name before: South Korea, place name after disambiguation: South Korea, uri: 
2014-06-02 19:07:03 INFO  PolarFacade:175 - Place name before: Roma, Italia, place name after disambiguation: Italy, uri: http://dbpedia.org/resource/Italy
2014-06-02 19:07:23 INFO  PolarFacade:175 - Place name before: Roma Scout Center, place name after disambiguation: Roma Scout Center, uri: 
2014-06-02 19:07:25 INFO  PolarFacade:175 - Place name before: The Manor House, place name after disambiguation: The Manor House, uri: 
2014-06-02 19:07:28 INFO  PolarFacade:175 - Place name before: Universita' Degli Studi Di Roma 'La Sapienza, place name after disambiguation: Sapienza University of Rome, uri: http://dbpedia.org/resource/Sapienza_University_of_Rome
2014-06-02 19:07:42 INFO  PolarFacade:175 - Place name before: Facoltà Di Lettere E Filosofia Tor Vergata, place name after disambiguation: Facoltà Di Lettere E Filosofia Tor Vergata, uri: 
2014-06-02 19:07:43 INFO  PolarFacade:175 - Place name before: Montesilvano, place name after disambiguation: Montesilvano, uri: http://dbpedia.org/resource/Montesilvano
2014-06-02 19:07:43 INFO  PolarFacade:175 - Place name before: Ariccia, place name after disambiguation: Ariccia, uri: http://dbpedia.org/resource/Ariccia
2014-06-02 19:07:44 INFO  PolarFacade:175 - Place name before: Rome, Italy, place name after disambiguation: Rome, uri: http://dbpedia.org/resource/Rome
2014-06-02 19:07:45 INFO  PolarFacade:175 - Place name before: Spes Artiglio, place name after disambiguation: Spes Artiglio, uri: 
2014-06-02 19:07:47 INFO  PolarFacade:175 - Place name before: Accendere Gallery, place name after disambiguation: Accendere Gallery, uri: 
2014-06-02 19:07:48 INFO  PolarFacade:175 - Place name before: FELT MUSIC Club & School, place name after disambiguation: FELT MUSIC Club & School, uri: 
2014-06-02 19:07:50 INFO  PolarFacade:175 - Place name before: Oxford, Ohio, place name after disambiguation: Oxford, Ohio, uri: http://dbpedia.org/resource/Oxford,_Ohio
2014-06-02 19:07:52 INFO  PolarFacade:175 - Place name before: Pisa, Italy, place name after disambiguation: Pisa, uri: http://dbpedia.org/resource/Pisa
2014-06-02 19:07:53 INFO  PolarFacade:175 - Place name before: Miami University, place name after disambiguation: Miami University, uri: http://dbpedia.org/resource/Miami_University
2014-06-02 19:07:54 INFO  PolarFacade:175 - Place name before: Hall Auditorium, place name after disambiguation: Hall Auditorium, uri: http://dbpedia.org/resource/Hall_Auditorium_%28Miami_University%29
2014-06-02 19:08:02 INFO  PolarFacade:175 - Place name before: Europe, place name after disambiguation: Europe, uri: 
2014-06-02 19:08:03 INFO  PolarFacade:175 - Place name before: Trondheim, place name after disambiguation: Trondheim, uri: http://dbpedia.org/resource/Trondheim
2014-06-02 19:08:04 INFO  PolarFacade:175 - Place name before: Trondheim, Norway, place name after disambiguation: Trondheim, uri: http://dbpedia.org/resource/Trondheim
2014-06-02 19:08:07 INFO  PolarFacade:175 - Place name before: Biberach, Baden-Wurttemberg, place name after disambiguation: Biberach (district), uri: http://dbpedia.org/resource/Biberach_(district)
2014-06-02 19:08:09 INFO  PolarFacade:175 - Place name before: Morelia, Mexico, place name after disambiguation: Morelia, uri: http://dbpedia.org/resource/Morelia
2014-06-02 19:08:19 INFO  PolarFacade:175 - Place name before: Jamboree Pub & Restaurant, place name after disambiguation: Jamboree Pub & Restaurant, uri: 
2014-06-02 19:08:20 INFO  PolarFacade:175 - Place name before: Piazza Navona, place name after disambiguation: Piazza Navona, uri: http://dbpedia.org/resource/Piazza_Navona
2014-06-02 19:08:22 INFO  PolarFacade:175 - Place name before: Museo - Atelier Canova~Tadolini, place name after disambiguation: Museo - Atelier Canova~Tadolini, uri: 
2014-06-02 19:08:23 INFO  PolarFacade:175 - Place name before: Caffe"Greco", place name after disambiguation: Caffe"Greco", uri: 
2014-06-02 19:08:26 INFO  PolarFacade:175 - Place name before: Bisteak - American Grill & Pizza, place name after disambiguation: Bisteak - American Grill & Pizza, uri: 
2014-06-02 19:08:28 INFO  PolarFacade:175 - Place name before: Caffè Rosati - Piazza del Popolo, place name after disambiguation: Piazza del Popolo, uri: http://dbpedia.org/resource/Piazza_del_Popolo
2014-06-02 19:09:00 INFO  PolarFacade:175 - Place name before: Friends Arena, place name after disambiguation: Friends Arena, uri: http://dbpedia.org/resource/Friends_Arena
2014-06-02 19:09:01 INFO  PolarFacade:175 - Place name before: Ernst & Young, place name after disambiguation: Ernst & Young, uri: 
2014-06-02 19:09:01 INFO  PolarFacade:175 - Place name before: KTH, place name after disambiguation: Royal Institute of Technology, uri: http://dbpedia.org/resource/Royal_Institute_of_Technology
2014-06-02 19:09:03 INFO  PolarFacade:175 - Place name before: Uppsala, Sweden, place name after disambiguation: Uppsala, uri: http://dbpedia.org/resource/Uppsala
2014-06-02 19:09:04 INFO  PolarFacade:175 - Place name before: Stockholm City Hall, place name after disambiguation: Stockholm City Hall, uri: http://dbpedia.org/resource/Stockholm_City_Hall
2014-06-02 19:09:05 INFO  PolarFacade:175 - Place name before: Ballbreaker, place name after disambiguation: Ballbreaker, uri: 
2014-06-02 19:09:06 INFO  PolarFacade:175 - Place name before: Vaxholm, Sweden, place name after disambiguation: Sweden, uri: http://dbpedia.org/resource/Sweden
2014-06-02 19:09:07 INFO  PolarFacade:175 - Place name before: Filmstaden Sergel, place name after disambiguation: Filmstaden Sergel, uri: 
2014-06-02 19:09:08 INFO  PolarFacade:175 - Place name before: Stockholm, Sweden, place name after disambiguation: Sweden, uri: http://dbpedia.org/resource/Sweden
2014-06-02 19:09:10 INFO  PolarFacade:175 - Place name before: Sheraton Stockholm Hotel, place name after disambiguation: Stockholm, uri: http://dbpedia.org/resource/Stockholm
2014-06-02 19:09:11 INFO  PolarFacade:175 - Place name before: O'Learys Kista, place name after disambiguation: Kista, uri: http://dbpedia.org/resource/Kista
2014-06-02 19:09:12 INFO  PolarFacade:175 - Place name before: Stockholm Arlanda Airport, place name after disambiguation: Stockholm-Arlanda Airport, uri: http://dbpedia.org/resource/Stockholm_Arlanda_Airport
2014-06-02 19:09:14 INFO  PolarFacade:175 - Place name before: Sabiha Gökçen Airport ?stanbul CIP Lounge, place name after disambiguation: Sabiha Gökçen Airport ?stanbul CIP Lounge, uri: 
2014-06-02 19:09:17 INFO  PolarFacade:175 - Place name before: Tel Aviv International Airport, place name after disambiguation: Tel Aviv International Airport, uri: 
2014-06-02 19:09:19 INFO  PolarFacade:175 - Place name before: Sabiha Gökçen Airport ?stanbul, place name after disambiguation: Sabiha Gökçen Airport ?stanbul, uri: 
2014-06-02 19:09:22 INFO  PolarFacade:175 - Place name before: Riga, Latvia, place name after disambiguation: Latvia, uri: http://dbpedia.org/resource/Latvia
2014-06-02 19:09:23 INFO  PolarFacade:175 - Place name before: Lappis, place name after disambiguation: Lappis beach, uri: 
2014-06-02 19:09:25 INFO  PolarFacade:175 - Place name before: Bojan on Thursdays, place name after disambiguation: Bojan on Thursdays, uri: 
2014-06-02 19:09:27 INFO  PolarFacade:175 - Place name before: Kokteiliu baras BarBar'a, place name after disambiguation: Kokteiliu baras BarBar'a, uri: 
2014-06-02 19:09:28 INFO  PolarFacade:175 - Place name before: The Liffey, place name after disambiguation: The Liffey, uri: 
2014-06-02 19:09:29 INFO  PolarFacade:175 - Place name before: Tallinn, Estonia, place name after disambiguation: Tallinn, uri: http://dbpedia.org/resource/Tallinn
2014-06-02 19:09:30 INFO  PolarFacade:175 - Place name before: Egon Tyholttårnet, place name after disambiguation: Egon Tyholttårnet, uri: 
2014-06-02 19:09:32 INFO  PolarFacade:175 - Place name before: Uppsala Centralstation, place name after disambiguation: Uppsala, uri: http://dbpedia.org/resource/Uppsala
2014-06-02 19:09:33 INFO  PolarFacade:175 - Place name before: Stockholm City Hall, place name after disambiguation: Stockholm City Hall, uri: http://dbpedia.org/resource/Stockholm_City_Hall
2014-06-02 19:09:34 INFO  PolarFacade:175 - Place name before: Cityterminalen, place name after disambiguation: Cityterminalen, uri: http://dbpedia.org/resource/Cityterminalen
2014-06-02 19:09:36 INFO  PolarFacade:175 - Place name before: Trondheim lufthavn Værnes, place name after disambiguation: Trondheim lufthavn Værnes, uri: 
2014-06-02 19:09:37 INFO  PolarFacade:175 - Place name before: TORP Sandefjord lufthavn, place name after disambiguation: Sandefjord, uri: http://dbpedia.org/resource/Sandefjord
2014-06-02 19:09:47 INFO  PolarFacade:175 - Place name before: Telenor Arena, place name after disambiguation: Telenor Arena, uri: 
2014-06-02 19:09:48 INFO  PolarFacade:175 - Place name before: NTNU Dragvoll Idrettssenter, place name after disambiguation: Dragvoll, uri: http://dbpedia.org/resource/Dragvoll
2014-06-02 19:09:50 INFO  PolarFacade:175 - Place name before: Amsterdam Airport Schiphol, place name after disambiguation: Amsterdam Airport Schiphol, uri: http://dbpedia.org/resource/Amsterdam_Airport_Schiphol
2014-06-02 19:09:52 INFO  PolarFacade:175 - Place name before: Flughafen Frankfurt am Main, place name after disambiguation: Frankfurt Airport, uri: http://dbpedia.org/resource/Frankfurt_Airport
2014-06-02 19:09:53 INFO  PolarFacade:175 - Place name before: Mainz-City, place name after disambiguation: Hilton Mainz City Hotel, uri: 
2014-06-02 19:09:53 INFO  PolarFacade:175 - Place name before: Vauldalen Fjellhotell, place name after disambiguation: Vauldalen Fjellhotell, uri: 
2014-06-02 19:09:55 INFO  PolarFacade:175 - Place name before: Oslo S, place name after disambiguation: Oslo, uri: http://dbpedia.org/resource/Oslo
2014-06-02 19:09:56 INFO  PolarFacade:175 - Place name before: Moholt stud.by, place name after disambiguation: Moholt, uri: http://dbpedia.org/resource/Moholt
2014-06-02 19:09:57 INFO  PolarFacade:175 - Place name before: Paris, place name after disambiguation: Paris, uri: http://dbpedia.org/resource/Paris
2014-06-02 19:09:59 INFO  PolarFacade:175 - Place name before: McDonalds Trondheim torg, place name after disambiguation: Trondheim, uri: http://dbpedia.org/resource/Trondheim
2014-06-02 19:10:00 INFO  PolarFacade:175 - Place name before: Lisbon, place name after disambiguation: Lisbon, uri: http://dbpedia.org/resource/Lisbon
2014-06-02 19:10:11 INFO  PolarFacade:175 - Place name before: Elektrobygget Gløshaugen NTNU, place name after disambiguation: Norwegian University of Science and Technology, uri: http://dbpedia.org/resource/Norwegian_University_of_Science_and_Technology
2014-06-02 19:10:21 INFO  PolarFacade:175 - Place name before: CPH Airport Priority Pass Lounge, place name after disambiguation: CPH Airport Priority Pass Lounge, uri: 
2014-06-02 19:10:22 INFO  PolarFacade:175 - Place name before: Barcelona Sants railway station, place name after disambiguation: Barcelona Sants railway station, uri: http://dbpedia.org/resource/Barcelona_Sants_railway_station
2014-06-02 19:10:22 INFO  PolarFacade:175 - Place name before: Parque das Nações-PARQUE EXPO, place name after disambiguation: Parque das Nações-PARQUE EXPO, uri: 
2014-06-02 19:10:24 INFO  PolarFacade:175 - Place name before: Station Amsterdam Centraal, place name after disambiguation: Amsterdam Centraal railway station, uri: http://dbpedia.org/resource/Amsterdam_Centraal_railway_station
2014-06-02 19:10:26 INFO  PolarFacade:175 - Place name before: Starbucks Coffee Odéon, place name after disambiguation: Starbucks Coffee Odéon, uri: 
2014-06-02 19:10:27 INFO  PolarFacade:175 - Place name before: Aéroport de Beauvais-Tillé, place name after disambiguation: Beauvaisâ€“TillÃ© Airport, uri: http://dbpedia.org/resource/Beauvais%E2%80%93Till%C3%A9_Airport
2014-06-02 19:10:28 INFO  PolarFacade:175 - Place name before: Moss lufthavn Rygge, place name after disambiguation: Moss Airport, Rygge, uri: http://dbpedia.org/resource/Moss_Airport,_Rygge
2014-06-02 19:10:29 INFO  PolarFacade:175 - Place name before: Trondheim sentralbanestasjon, place name after disambiguation: Trondheim, uri: http://dbpedia.org/resource/Trondheim
2014-06-02 19:10:30 INFO  PolarFacade:175 - Place name before: Egon Tyholttårnet, place name after disambiguation: Egon Tyholttårnet, uri: 
2014-06-02 19:10:34 INFO  PolarFacade:175 - Place name before: Trondheim, Norway, place name after disambiguation: Trondheim, uri: http://dbpedia.org/resource/Trondheim
2014-06-02 19:10:35 INFO  PolarFacade:175 - Place name before: Moholt, Sor-Trondelag, Norway, place name after disambiguation: Moholt, uri: http://dbpedia.org/resource/Moholt
2014-06-02 19:10:35 INFO  PolarFacade:175 - Place name before: Trondheim, place name after disambiguation: Trondheim, uri: http://dbpedia.org/resource/Trondheim
2014-06-02 19:10:40 INFO  PolarFacade:175 - Place name before: Bogotá, Colombia, place name after disambiguation: Colombia, uri: http://dbpedia.org/resource/Colombia
2014-06-02 19:10:43 INFO  PolarFacade:175 - Place name before: Menzies Business Lounge, place name after disambiguation: Menzies Business Lounge, uri: 
2014-06-02 19:10:44 INFO  PolarFacade:175 - Place name before: United Club Newark Liberty International Airport, place name after disambiguation: Newark Liberty International Airport, uri: http://dbpedia.org/resource/Newark_Liberty_International_Airport
2014-06-02 19:10:45 INFO  PolarFacade:175 - Place name before: Miami Beach Miami FL, place name after disambiguation: Miami, uri: http://dbpedia.org/resource/Miami
2014-06-02 19:10:51 INFO  PolarFacade:175 - Place name before: La Bolera Saloon, place name after disambiguation: La Bolera Saloon, uri: 
2014-06-02 19:10:52 INFO  PolarFacade:175 - Place name before: Times Square NYC, place name after disambiguation: Times Square, uri: http://dbpedia.org/resource/Times_Square
2014-06-02 19:10:55 INFO  PolarFacade:175 - Place name before: Hard Body 147, place name after disambiguation: Hard Body 147, uri: 
2014-06-02 19:10:56 INFO  PolarFacade:175 - Place name before: Supercalentados, place name after disambiguation: Supercalentados, uri: 
2014-06-02 19:11:05 INFO  PolarFacade:175 - Place name before: Wall Street - New York City, place name after disambiguation: New York City, uri: http://dbpedia.org/resource/New_York_City
2014-06-02 19:11:08 INFO  PolarFacade:175 - Place name before: NBA Store on Fifth Avenue - NYC, place name after disambiguation: New York City, uri: http://dbpedia.org/resource/New_York_City
2014-06-02 19:11:09 INFO  PolarFacade:175 - Place name before: Southern Hospitality, place name after disambiguation: Southern Hospitality, uri: 
2014-06-02 19:11:13 INFO  PolarFacade:175 - Place name before: Santo Domingo, Dominican Republic, place name after disambiguation: Santo Domingo, uri: http://dbpedia.org/resource/Santo_Domingo
2014-06-02 19:11:17 INFO  PolarFacade:175 - Place name before: Aeropuerto Internacional el Dorado, place name after disambiguation: El Dorado International Airport, uri: http://dbpedia.org/resource/El_Dorado_International_Airport
2014-06-02 19:11:19 INFO  PolarFacade:175 - Place name before: The Red Lion, place name after disambiguation: The Red Lion, uri: 
2014-06-02 19:11:21 INFO  PolarFacade:175 - Place name before: Taco Bell Atlántis, place name after disambiguation: Taco Bell Atlántis, uri: 
2014-06-02 19:11:24 INFO  PolarFacade:175 - Place name before: Planeta Gol Club, place name after disambiguation: Planeta Gol Club, uri: 
2014-06-02 19:11:25 INFO  PolarFacade:175 - Place name before: Universidad Nacional de Colombia, place name after disambiguation: National University of Colombia, uri: http://dbpedia.org/resource/National_University_of_Colombia
2014-06-02 19:11:28 INFO  PolarFacade:175 - Place name before: Subway, place name after disambiguation: Subway, uri: 
2014-06-02 19:11:32 INFO  PolarFacade:175 - Place name before: Camp Nou, place name after disambiguation: Camp Nou, uri: http://dbpedia.org/resource/Camp_Nou
2014-06-02 19:11:51 INFO  PolarFacade:175 - Place name before: Mladinski center Litija, place name after disambiguation: Litija, uri: http://dbpedia.org/resource/Litija
2014-06-02 19:11:53 INFO  PolarFacade:175 - Place name before: Klub Jedro, place name after disambiguation: Klub Jedro, uri: 
2014-06-02 19:11:55 INFO  PolarFacade:175 - Place name before: Ankaran, place name after disambiguation: Ankaran, uri: http://dbpedia.org/resource/Ankaran
2014-06-02 19:11:57 INFO  PolarFacade:175 - Place name before: Prešernov trg, place name after disambiguation: Prešernov trg, uri: 
2014-06-02 19:12:00 INFO  PolarFacade:175 - Place name before: Kulturno Izobraževalno Društvo Pina, place name after disambiguation: Kulturno Izobraževalno Društvo Pina, uri: 
2014-06-02 19:12:03 INFO  PolarFacade:175 - Place name before: Turkey, place name after disambiguation: Turkey, uri: http://dbpedia.org/resource/Turkey
2014-06-02 19:12:04 INFO  PolarFacade:175 - Place name before: Slovenia, place name after disambiguation: Slovenia, uri: http://dbpedia.org/resource/Slovenia
2014-06-02 19:12:05 INFO  PolarFacade:175 - Place name before: Pamukkale, place name after disambiguation: Pamukkale, uri: http://dbpedia.org/resource/Pamukkale
2014-06-02 19:12:09 INFO  PolarFacade:175 - Place name before: Istanbul Turkey, place name after disambiguation: Istanbul Turkey, uri: 
2014-06-02 19:12:11 INFO  PolarFacade:175 - Place name before: Lake Bohinj, Slovenia, place name after disambiguation: Lake Bohinj, Slovenia, uri: 
2014-06-02 19:12:12 INFO  PolarFacade:175 - Place name before: Koper, place name after disambiguation: Koper, uri: http://dbpedia.org/resource/Koper
2014-06-02 19:12:17 INFO  PolarFacade:175 - Place name before: Zagreb, Croatia, place name after disambiguation: Zagreb, uri: http://dbpedia.org/resource/Zagreb
2014-06-02 19:12:18 INFO  PolarFacade:175 - Place name before: Hungary, place name after disambiguation: Hungary, uri: http://dbpedia.org/resource/Hungary
2014-06-02 19:12:22 INFO  PolarFacade:175 - Place name before: Budapest, Hungary, place name after disambiguation: Budapest, uri: http://dbpedia.org/resource/Budapest
2014-06-02 19:12:24 INFO  PolarFacade:175 - Place name before: Norway, place name after disambiguation: Norway, uri: http://dbpedia.org/resource/Norway
2014-06-02 19:12:27 INFO  PolarFacade:175 - Place name before: Finse,Norway, place name after disambiguation: Finse,Norway, uri: 
2014-06-02 19:12:35 INFO  PolarFacade:175 - Place name before: Lake Bled, place name after disambiguation: Lake Bled, uri: 
2014-06-02 19:12:36 INFO  PolarFacade:175 - Place name before: Hotel Golf Bled, place name after disambiguation: Bled, uri: http://dbpedia.org/resource/Bled
2014-06-02 19:12:38 INFO  PolarFacade:175 - Place name before: Cerkno, place name after disambiguation: Cerkno, uri: http://dbpedia.org/resource/Cerkno
2014-06-02 19:12:40 INFO  PolarFacade:175 - Place name before: Trieste, Italy, place name after disambiguation: Trieste, uri: http://dbpedia.org/resource/Trieste
2014-06-02 19:12:41 INFO  PolarFacade:175 - Place name before: Piran, place name after disambiguation: Piran, uri: http://dbpedia.org/resource/Piran
2014-06-02 19:12:42 INFO  PolarFacade:175 - Place name before: Visoka šola za hotelirstvo in turizem Bled, place name after disambiguation: Bled, uri: http://dbpedia.org/resource/Bled
2014-06-02 19:12:43 INFO  PolarFacade:175 - Place name before: AKC Metelkova mesto, place name after disambiguation: Metelkova, uri: http://dbpedia.org/resource/Metelkova
2014-06-02 19:12:45 INFO  PolarFacade:175 - Place name before: Ljubljana, Slovenia, place name after disambiguation: Ljubljana, uri: http://dbpedia.org/resource/Ljubljana
2014-06-02 19:12:58 INFO  PolarFacade:175 - Place name before: Station Luxembourg - RER B, place name after disambiguation: Station Luxembourg - RER B, uri: 
2014-06-02 19:12:58 INFO  PolarFacade:175 - Place name before: Étretat, place name after disambiguation: Ã‰tretat, uri: http://dbpedia.org/resource/%C3%89tretat
2014-06-02 19:12:59 INFO  PolarFacade:175 - Place name before: Forêt de Montgeon, place name after disambiguation: ForÃªt de Montgeon, uri: 
2014-06-02 19:13:00 INFO  PolarFacade:175 - Place name before: Mont Saint-Michel, place name after disambiguation: Mont Saint-Michel, uri: http://dbpedia.org/resource/Mont_Saint-Michel
2014-06-02 19:13:01 INFO  PolarFacade:175 - Place name before: Paris, place name after disambiguation: Paris, uri: http://dbpedia.org/resource/Paris
2014-06-02 19:13:02 INFO  PolarFacade:175 - Place name before: Honfleur, place name after disambiguation: Honfleur, uri: http://dbpedia.org/resource/Honfleur
2014-06-02 19:13:03 INFO  PolarFacade:175 - Place name before: La Roche-Posay, place name after disambiguation: La Roche-Posay, uri: http://dbpedia.org/resource/La_Roche-Posay
2014-06-02 19:13:08 INFO  PolarFacade:175 - Place name before: Paris, France, place name after disambiguation: Paris, uri: http://dbpedia.org/resource/Paris
2014-06-02 19:13:08 INFO  PolarFacade:175 - Place name before: Le Havre, France, place name after disambiguation: Le Havre, uri: http://dbpedia.org/resource/Le_Havre
2014-06-02 19:13:10 INFO  PolarFacade:175 - Place name before: Dorat, Auvergne, France, place name after disambiguation: Auvergne (region), uri: http://dbpedia.org/resource/Auvergne_(region)
2014-06-02 19:13:12 INFO  PolarFacade:175 - Place name before: Antony, France, place name after disambiguation: Antony, uri: 
2014-06-02 19:13:13 INFO  PolarFacade:175 - Place name before: Yessentuki, place name after disambiguation: Yessentuki, uri: http://dbpedia.org/resource/Yessentuki